{
  "project_info": {
    "project_number": "41947015088",
    "project_id": "asadosapp-efa78",
    "storage_bucket": "asadosapp-efa78.firebasestorage.app"
  },
  "client": [
    {
      "client_info": {
        "mobilesdk_app_id": "1:41947015088:android:d3f070f62c4ff009acd875",
        "android_client_info": {
          "package_name": "com.example.asados"
        }
      },
      "oauth_client": [],
      "api_key": [
        {
          "current_key": "AIzaSyCvnLqVA5uYVJ8PKCTSXTExL8wvKmV7T7M"
        }
      ],
      "services": {
        "appinvite_service": {
          "other_platform_oauth_client": []
        }
      }
    }
  ],
  "configuration_version": "1"
}